p_stark,anteil_MF_guenstiger,mean_dEV
0.0,1.0,-333702.53284274903
0.01,1.0,-329370.3207843631
0.02,1.0,-325038.10872597713
0.03,1.0,-320705.8966675911
0.04,1.0,-316373.6846092052
0.05,1.0,-312041.4725508192
0.06,1.0,-307709.26049243327
0.07,1.0,-303377.04843404726
0.08,1.0,-299044.83637566137
0.09,1.0,-294712.62431727536
0.1,1.0,-290380.4122588894
0.11,1.0,-286048.2002005035
0.12,1.0,-281715.9881421175
0.13,1.0,-277383.77608373156
0.14,1.0,-273051.5640253456
0.15,0.9999,-268719.35196695966
0.16,0.9998,-264387.1399085737
0.17,0.9997,-260054.92785018773
0.18,0.9995,-255722.71579180183
0.19,0.9994,-251390.50373341588
0.2,0.9993,-247058.29167502985
0.21,0.9992,-242726.0796166439
0.22,0.9981,-238393.86755825797
0.23,0.9973,-234061.65549987202
0.24,0.9956,-229729.44344148602
0.25,0.9937,-225397.23138310004
0.26,0.992,-221065.01932471417
0.27,0.9898,-216732.80726632813
0.28,0.9874,-212400.5952079422
0.29,0.9844,-208068.38314955626
0.3,0.981,-203736.1710911703
0.31,0.9769,-199403.95903278433
0.32,0.9712,-195071.74697439838
0.33,0.9665,-190739.53491601237
0.34,0.9615,-186407.32285762645
0.35,0.9556,-182075.11079924053
0.36,0.9498,-177742.89874085458
0.37,0.9414,-173410.6866824686
0.38,0.9345,-169078.47462408265
0.39,0.9255,-164746.26256569667
0.4,0.9158,-160414.05050731072
0.41,0.9062,-156081.8384489248
0.42,0.8966,-151749.62639053885
0.43,0.8865,-147417.4143321529
0.44,0.8778,-143085.20227376692
0.45,0.8672,-138752.99021538097
0.46,0.8549,-134420.77815699502
0.47,0.8419,-130088.56609860907
0.48,0.8306,-125756.35404022307
0.49,0.818,-121424.1419818371
0.5,0.8068,-117091.92992345114
0.51,0.7946,-112759.71786506519
0.52,0.7831,-108427.50580667926
0.53,0.7713,-104095.29374829328
0.54,0.7571,-99763.08168990731
0.55,0.7433,-95430.86963152137
0.56,0.7312,-91098.6575731354
0.57,0.7186,-86766.44551474947
0.58,0.7064,-82434.23345636352
0.59,0.6962,-78102.02139797757
0.6,0.6847,-73769.8093395916
0.61,0.6733,-69437.59728120566
0.62,0.6611,-65105.385222819685
0.63,0.6491,-60773.17316443372
0.64,0.6362,-56440.96110604776
0.65,0.6254,-52108.749047661804
0.66,0.6145,-47776.53698927584
0.67,0.6022,-43444.32493088988
0.68,0.592,-39112.11287250391
0.69,0.5798,-34779.900814118
0.7,0.5687,-30447.688755732048
0.71,0.5593,-26115.476697346086
0.72,0.551,-21783.26463896012
0.73,0.5397,-17451.05258057416
0.74,0.5307,-13118.8405221882
0.75,0.5218,-8786.628463802237
0.76,0.5121,-4454.4164054162775
0.77,0.5031,-122.20434703031667
0.78,0.4954,4210.0077113556445
0.79,0.4879,8542.219769741607
0.8,0.4789,12874.431828127565
0.81,0.4705,17206.643886513524
0.82,0.461,21538.85594489944
0.83,0.4531,25871.068003285403
0.84,0.4451,30203.280061671365
0.85,0.4389,34535.49212005732
0.86,0.4321,38867.70417844328
0.87,0.4239,43199.916236829245
0.88,0.4165,47532.1282952152
0.89,0.4101,51864.34035360117
0.9,0.4033,56196.552411987126
0.91,0.3972,60528.764470373084
0.92,0.3913,64860.97652875904
0.93,0.3838,69193.18858714502
0.94,0.3784,73525.40064553091
0.95,0.3722,77857.61270391688
0.96,0.366,82189.82476230284
0.97,0.3603,86522.03682068881
0.98,0.3532,90854.24887907476
0.99,0.3477,95186.46093746074
1.0,0.3431,99518.67299584669
