symbol,prcc_dEV,prcc_dK_stark
Phi,-0.8616722449884745,-0.44966781189009286
omega,-0.8322025041433464,-0.5491635078962069
kappa,-0.7999413700368333,-0.42385146851250827
psi,-0.7617850038597302,-0.6226418333404182
h,-0.7396584614112995,-0.8870141341830716
gamma_M,0.6793217412932905,0.7172395910913453
beta_M,0.6680635720646585,0.7682567675377615
gamma_S,-0.5680317656713205,-0.5600254371180269
mu,0.3151180727112498,0.5054618844595978
w,-0.28464913627858585,0.09397819212587011
s,-0.26742403035751855,-0.2525994930425312
beta_S,-0.250388081176327,-0.31816378702483156
V,0.21519687481332547,0.2762921767794699
d,-0.08858162214210863,-0.16508014296377785
F_M,0.004320801300918735,0.013256633755055237
