symbol,low,high,dEV_low,dEV_high,spannweite,vorzeichenwechsel
Phi,20000.0,80000.0,-129953.0785346136,-381019.61775194795,251066.53921733436,False
h,2.0,20.0,-98042.83624778604,-272052.53012904327,174009.69388125723,False
psi,-0.15,0.5,-176743.6521429377,-336636.16759857174,159892.51545563404,False
omega,0.05,0.4,-149515.09083646972,-299144.37041228754,149629.2795758178,False
beta_M,0.9,1.4,-259022.23523419458,-112785.35437533092,146236.88085886365,False
gamma_M,0.4,0.8,-274578.59083539096,-134621.22362216574,139957.36721322522,False
kappa,0.0,0.3,-113641.92494039166,-233641.92494039168,120000.00000000001,False
gamma_S,0.2,0.5,-171788.36894431483,-263573.36408166675,91784.99513735191,False
mu,0.5,2.0,-237979.67710232985,-164966.4206165152,73013.25648581464,False
beta_S,0.85,1.05,-194112.7886483459,-236256.19304713322,42143.40439878733,False
s,5000.0,50000.0,-199632.852152756,-241660.07051566284,42027.21836290683,False
d,1.5,4.0,-197416.7568324328,-237979.67710232985,40562.92026989706,False
V,20000.0,45000.0,-225396.4855464577,-196010.08403129282,29386.40151516488,False
w,0.15,0.3,-210760.76130187613,-219404.25221742253,8643.490915546397,False
F_M,6000.0,20000.0,-213641.92494039162,-213641.92494039156,5.820766091346741e-11,False
