key,label,H1,H2,mean_dEV,g_P20,g_P50,g_P80
basis,Basisfall (Tab. 2),0.9993,0.6569,-247058.29167502985,0.43616740088105727,0.5470703764320786,0.6621818181818182
verpflichtung,Beschlossene Migrationskosten voll angerechnet,0.9918,0.8414,-218639.18361555948,0.3604621848739496,0.4686238532110092,0.5804716981132075
vorausschauend,Vorausschauende Migration,0.9739,0.9761,-195650.2178340124,0.2873809523809524,0.3796521739130435,0.46243093922651934
beides,Voll angerechnet und vorausschauend,0.9389,0.9826,-181827.4762741688,0.23954144620811288,0.3219806763285024,0.402
h_klein,Kapazitätsreserve h: 2 / 4 / 10,0.998,0.869,-222898.85388217506,0.38363636363636366,0.46849936948297605,0.5656091954022989
h_gross,Kapazitätsreserve h: 2 / 10 / 50,1.0,0.405,-274397.9598940813,0.5218448637316562,0.6348421052631579,0.7997887323943662
phi_niedrig,Plattform-Grundlast niedrig (verwaltete Dienste): 5 / 15 / 30 Tsd.,0.9638,0.8126,-130891.66090961776,0.37876984126984126,0.4711830985915493,0.5929805013927577
phi_hoch,Plattform-Grundlast hoch (inkl. Betriebsstelle): 60 / 100 / 150 Tsd.,1.0,0.3477,-496362.23143102304,0.5378016085790885,0.6546545454545455,0.7958181818181819
skala5,Skalenanker I_M × 5 (2 Mio. EUR),0.9613,0.8226,-524425.7632433955,0.37309473684210526,0.47019847328244274,0.5878167115902965
lambda2,PERT λ = 2 (flacher),0.9951,0.5763,-261629.1647777824,0.43830917874396136,0.5691505791505792,0.715864406779661
lambda6,PERT λ = 6 (spitzer),0.9996,0.7036,-240285.50371300033,0.4360842105263158,0.5394835007173602,0.6354621848739497
gleich,Gleichverteilung,0.9839,0.4777,-297180.9973086945,0.4500534759358289,0.6112911392405063,0.8692561983471075
zins0,Zinssatz 0 %,0.9974,0.7145,-258595.3503527397,0.4186516853932584,0.5275353218210361,0.6384263959390863
zins10,Zinssatz 10 %,0.9995,0.591,-236901.09699676107,0.45519101123595507,0.5686084142394822,0.6893617021276596
T10,Horizont 10 Jahre,0.7353,0.9716,-112093.49618326816,0.1998546209761163,0.2436113125453227,0.29931297709923665
