g,P_MS_guenstiger,median,q05,q95,mean
0.0,0.0,-430357.1304385023,-557725.9647521755,-314929.11255529796,-432587.2793259573
0.01,0.0,-428509.772436983,-556551.3863790922,-312881.76620303735,-430680.90839984495
0.02,0.0,-426668.97047701315,-554825.3925941142,-310628.4405558708,-428691.8229161794
0.03,0.0,-425033.9632293067,-553135.1483447535,-308144.08152266615,-426618.4016654735
0.04,0.0,-422990.11229666154,-551774.4393729443,-305430.2422965214,-424458.9893746232
0.05,0.0,-420543.2073372531,-549981.8302531489,-302059.34249998507,-422211.89621658914
0.06,0.0,-418567.2155627381,-548188.9841961943,-298682.1221427768,-419875.3973156441
0.07,0.0,-416090.1065265814,-546348.1623290516,-296271.73222838505,-417447.73224824964
0.08,0.0,-413520.4166310876,-544627.2925326001,-293256.0104010574,-414927.1045396244
0.09,0.0,-411052.2714469654,-542507.449048712,-290071.16031822294,-412311.6811560589
0.1,0.0,-408533.33433145744,-540539.3382890532,-286403.58775078645,-409599.5919930316
0.11,0.0,-405869.3132896752,-538675.3420527031,-282767.91492184985,-406788.92935917544
0.12,0.0,-402940.2688663665,-536570.3991967988,-278702.51649513596,-403877.74745614186
0.13,0.0,-399798.3123603922,-534060.1240420911,-274897.3596203373,-400864.06185440643
0.14,0.0,-396489.9733591544,-532474.7417941681,-270390.0781566884,-397745.8489650571
0.15,0.0,-411215.78548265435,-547877.3237692304,-283143.2978937289,-412280.710653926
0.16,0.0,-408210.8581095379,-546038.1962410085,-279191.1764109476,-409146.4440578419
0.17,0.0,-404859.00585411163,-544298.3749545515,-274394.7133340939,-405845.1745275589
0.18,0.0,-401370.2836274634,-542110.357448582,-268738.00211906177,-402124.53938980127
0.19,0.0,-397242.06276980543,-539988.1203489309,-263039.29015437025,-398141.87635641906
0.2,0.0001,-393276.0752909995,-537827.1906467603,-256464.1915702055,-393798.87043605215
0.21,0.0002,-388921.46646868286,-534522.3471202791,-248042.3758153705,-389036.5337400459
0.22,0.0004,-384525.9917139481,-532109.0595691395,-239453.9138969686,-383907.1625994619
0.23,0.0015,-379669.33115802647,-529246.4899032516,-231270.95199718096,-378370.0655744779
0.24,0.0025,-374751.9176178267,-526260.47731082,-220345.22114199138,-372506.0750035989
0.25,0.0045,-369306.511770968,-522964.5821574465,-209555.34903632072,-366206.67378477217
0.26,0.0064,-363645.2725259396,-519583.6504371536,-197407.55611570325,-359607.0854870239
0.27,0.0083,-357390.73465893103,-516668.9134206559,-183401.82011924373,-352520.665883345
0.28,0.0115,-351279.309553424,-512634.8124132474,-164389.50699164197,-344972.05209463584
0.29,0.0152,-344361.1342985736,-509345.81385965797,-143907.53761871037,-337104.8153163227
0.3,0.0196,-337931.98974646896,-505486.79548360675,-121684.8520481639,-328837.6298964412
0.31,0.0238,-331249.85431087785,-502449.02906244516,-99881.54991420917,-320180.3681832189
0.32,0.0257,-342182.9619862919,-516117.9626100318,-92583.67833255963,-328703.9963304221
0.33,0.0306,-334404.93406624696,-512005.62526954035,-66829.05406186335,-319391.3426754564
0.34,0.0372,-326281.491782484,-508674.3895496556,-43104.19252900235,-309800.94135123753
0.35,0.0444,-317601.9164334234,-504475.7258360634,-17838.759207674688,-299748.85688373336
0.36,0.0525,-308006.8420928563,-500336.08938539034,7323.520026965075,-289266.3790524635
0.37,0.0608,-299445.65291958035,-496451.5841305658,27623.682082807085,-278541.1363597081
0.38,0.0704,-288833.5890939834,-491407.27685181145,48581.94013296434,-267221.6148311487
0.39,0.0804,-278182.423965618,-486570.59800353646,68172.83765287747,-255443.47291155148
0.4,0.093,-267189.48239443987,-481313.14790130453,90676.61713635245,-243393.17083304387
0.41,0.1075,-256135.2446452662,-475326.26534206903,108032.36444539213,-230949.91730594245
0.42,0.1241,-244467.82374247396,-470409.4838601209,125359.99621019383,-218177.66078855857
0.43,0.1413,-231163.74611657613,-464779.2519062378,143270.30589167614,-205036.80573595592
0.44,0.1589,-217941.7257949597,-459413.82518273126,160515.66232648026,-191617.09107886738
0.45,0.1813,-203710.25722790055,-453834.96622260596,178997.38187584418,-177763.48470057102
0.46,0.2022,-188318.61042563303,-446989.4741913568,196695.52554159434,-163743.99945542618
0.47,0.2254,-174079.2186944835,-440851.24547540327,212474.67603582414,-149262.31634226374
0.48,0.2474,-157778.2390331754,-433463.5608071396,230911.99931525902,-134457.4080625376
0.49,0.2743,-141594.0041841875,-425111.8114246375,246565.45366021886,-119537.82643016157
0.5,0.3005,-125219.15443956666,-417480.9958797048,263808.9549054917,-104150.1582075499
0.51,0.329,-107928.22929388052,-408357.24470677465,278222.52703247214,-88609.28097623358
0.52,0.3344,-106745.80535472848,-420175.9677545256,286069.9325695624,-88527.73674996513
0.53,0.3629,-87890.38627345534,-410297.01460727514,304947.6944020663,-72628.50016264062
0.54,0.391,-69053.84473725106,-400570.9910031894,323430.1792915042,-56532.09763795754
0.55,0.4197,-50006.84522883862,-391085.47802493995,341027.49880638294,-40423.38770288837
0.56,0.451,-30513.556341620744,-382914.998939405,359706.4570219216,-23606.63452654839
0.57,0.4804,-12153.152167288237,-370331.1447485353,378152.154599879,-7089.384760552847
0.58,0.5105,6118.808542457642,-362627.55837063934,397722.2978220805,9670.832845283316
0.59,0.5399,24789.92451866134,-351729.9903877233,416246.8750065821,26313.912194285367
0.6,0.5671,42698.377560322406,-340210.9165756142,437028.31275804143,43648.94423152947
0.61,0.5953,60759.3348298436,-328504.04382150195,457522.6588021873,60651.00442896677
0.62,0.6224,77531.8796207183,-316325.3261858208,476816.659941623,77933.05151446219
0.63,0.6516,95216.57156625693,-303062.40488661476,499498.41398916213,95436.94232849362
0.64,0.6749,111544.11940094852,-287563.28125761077,520478.6142244302,112562.37344745407
0.65,0.6982,128917.37259742268,-275313.2875699156,542954.499585593,129881.9553294425
0.66,0.721,146236.48630443215,-261802.2691109769,566298.0105280987,147456.96010031973
0.67,0.743,162149.73780301388,-248701.8081707124,588459.8949341675,164764.560352808
0.68,0.7643,179372.930373393,-233776.33540626973,611654.095268653,182298.6227387939
0.69,0.7814,196456.1497677986,-218565.28306145727,638468.4578970794,199490.67952218174
0.7,0.8014,212264.6768236074,-204872.97150665795,660237.9806844655,216860.91695252227
0.71,0.818,226985.40130443778,-187310.22091307037,684877.7905269045,233915.91184602404
0.72,0.8347,241786.07457194594,-174712.11557030477,708711.4584026238,251223.58086404303
0.73,0.8484,255286.90294108703,-161990.12269893612,735143.6790654334,268051.36513642705
0.74,0.8604,270993.2289522523,-148587.90894842803,758627.4897701761,285208.68594700145
0.75,0.8608,273915.7246424542,-151610.75427125342,773639.8753118895,290179.9891774047
0.76,0.8725,289685.9689804849,-136946.41433681158,797056.1899722354,306664.2414169614
0.77,0.8829,302979.3106768511,-123905.31223964988,824083.9489226585,323440.8855117346
0.78,0.8931,317000.20648553804,-110444.33391991955,848773.3177935056,339848.11233194295
0.79,0.9016,332998.20620392053,-97650.29180237286,877657.2452404081,356391.0489077765
0.8,0.909,346735.59354890534,-85770.10398605396,906451.3222398487,372433.95536757214
0.81,0.9152,359998.8795885595,-75169.27239534305,935660.949570978,389183.26711354306
0.82,0.9198,372639.1479303739,-61697.58814349059,967894.15608107,404711.7789513004
0.83,0.926,386024.0129844013,-53662.602512554746,998217.5912964138,421078.10216117266
0.84,0.9314,398427.6534274721,-43040.071592718436,1024078.5723747441,436490.6466212522
0.85,0.9362,413122.7413966248,-34890.79346226883,1061373.7807649185,452959.8443943289
0.86,0.9401,425567.42590044555,-25000.676370348094,1093196.5174270319,468317.7774043413
0.87,0.944,438763.34254838736,-18426.997708985673,1124231.3992960602,484074.62071964395
0.88,0.9465,451582.64383404003,-10237.80221176659,1153667.197141189,499418.40486528876
0.89,0.9499,465336.91025092336,-408.911281873143,1192365.424797581,515539.7266007701
0.9,0.9518,478861.7673764655,6579.739673455275,1223195.4593887457,530325.9768069441
0.91,0.954,491724.15788719594,13732.148046780498,1255555.6605015823,546004.1164053665
0.92,0.9558,502420.77114072326,19924.09351458829,1294729.5352760185,561758.3318868658
0.93,0.9568,515534.3705640491,24373.16687877276,1330470.2314578898,576527.5315065371
0.94,0.9598,528954.1726177088,30883.098949641135,1364483.9873706289,591910.6485374193
0.95,0.961,541074.4361148926,36247.43669908331,1399052.1111774314,606637.2636446907
0.96,0.9631,553098.772659485,40162.56996132851,1437905.5263325959,621985.4616224954
0.97,0.9646,563808.3422313863,46120.958870633156,1474961.066457488,636684.0967375643
0.98,0.966,574475.645144243,53200.94554838134,1517046.4774057672,651291.6248322788
0.99,0.9678,584593.7340705271,57421.62177602649,1549413.0117940954,666320.0725101114
1.0,0.9667,590253.5755139787,55718.847384051056,1574813.8080779682,673502.3519277781
